{
  "scenario": "stress-throughput",
  "backend": "spacetime",
  "startedAt": "2026-04-10T21:42:09.865Z",
  "durationSec": 45,
  "writers": 20,
  "sent": 175301,
  "received": 175312,
  "errors": 0,
  "msgsPerSec": 3895.822222222222,
  "ackLatencyMs": {
    "count": 175301,
    "min": 1.4842,
    "max": 200.9171,
    "mean": 5.140492410197302,
    "p50": 4.3321,
    "p95": 7.9825,
    "p99": 30.7404,
    "p999": 58.5939
  },
  "fanoutLatencyMs": {
    "count": 175312,
    "min": 1.6612,
    "max": 200.9829,
    "mean": 5.230887679679721,
    "p50": 4.4057,
    "p95": 8.0921,
    "p99": 30.8361,
    "p999": 60.2185
  }
}