{
  "scenario": "stress-throughput",
  "backend": "postgres",
  "startedAt": "2026-04-10T22:30:02.930Z",
  "durationSec": 30,
  "writers": 20,
  "sent": 220,
  "received": 20,
  "errors": 0,
  "msgsPerSec": 0.6666666666666666,
  "ackLatencyMs": {
    "count": 20,
    "min": 19.0088,
    "max": 27.1958,
    "mean": 23.082144999999997,
    "p50": 22.7572,
    "p95": 27.1958,
    "p99": 27.1958,
    "p999": 27.1958
  },
  "fanoutLatencyMs": {
    "count": 20,
    "min": 18.7787,
    "max": 27.0518,
    "mean": 23.064119999999996,
    "p50": 23.2912,
    "p95": 27.0518,
    "p99": 27.0518,
    "p999": 27.0518
  },
  "notes": "20 writers firing as fast as possible"
}