{
  "scenario": "stress-throughput",
  "backend": "postgres",
  "startedAt": "2026-04-13T16:43:34.700Z",
  "durationSec": 30,
  "writers": 20,
  "sent": 24998,
  "received": 24998,
  "errors": 0,
  "msgsPerSec": 833.2666666666667,
  "ackLatencyMs": {
    "count": 24998,
    "min": 72.4617,
    "max": 354.7175,
    "mean": 240.4343839347148,
    "p50": 237.4379,
    "p95": 269.9624,
    "p99": 295.1013,
    "p999": 343.0503
  },
  "fanoutLatencyMs": {
    "count": 24998,
    "min": 72.2348,
    "max": 354.5893,
    "mean": 240.32916744939723,
    "p50": 237.3291,
    "p95": 269.8792,
    "p99": 294.9406,
    "p999": 342.9295
  },
  "notes": "20 writers firing as fast as possible"
}