{
  "scenario": "stress-throughput",
  "backend": "postgres",
  "startedAt": "2026-04-10T21:50:37.784Z",
  "durationSec": 45,
  "writers": 10,
  "sent": 39489,
  "received": 39489,
  "errors": 0,
  "msgsPerSec": 877.5333333333333,
  "ackLatencyMs": {
    "count": 39489,
    "min": 942.9195,
    "max": 3694.9756,
    "mean": 2367.186291622968,
    "p50": 2309.2113,
    "p95": 3121.9714,
    "p99": 3571.3519,
    "p999": 3675.7764
  },
  "fanoutLatencyMs": {
    "count": 39489,
    "min": 942.7757,
    "max": 3694.9481,
    "mean": 2367.125516475462,
    "p50": 2309.1456,
    "p95": 3121.9274,
    "p99": 3571.2447,
    "p999": 3675.731
  },
  "notes": "10 writers firing as fast as possible"
}