{
  "scenario": "stress-throughput",
  "backend": "spacetime",
  "startedAt": "2026-04-10T15:03:26.358Z",
  "durationSec": 30,
  "writers": 30,
  "sent": 69811,
  "received": 69811,
  "errors": 0,
  "msgsPerSec": 2327.0333333333333,
  "ackLatencyMs": {
    "count": 69811,
    "min": 1.2539,
    "max": 145.99,
    "mean": 12.892206559138286,
    "p50": 12.7753,
    "p95": 19.149,
    "p99": 29.7807,
    "p999": 94.7322
  },
  "fanoutLatencyMs": {
    "count": 69811,
    "min": 1.5652,
    "max": 147.1881,
    "mean": 10.893503222987782,
    "p50": 10.1589,
    "p95": 18.779,
    "p99": 27.987,
    "p999": 95.0391
  }
}