{
  "scenario": "stress-throughput",
  "backend": "spacetime",
  "startedAt": "2026-04-10T15:00:09.195Z",
  "durationSec": 8,
  "writers": 5,
  "sent": 15769,
  "received": 15769,
  "errors": 0,
  "msgsPerSec": 1971.125,
  "ackLatencyMs": {
    "count": 15769,
    "min": 1.0927,
    "max": 67.5615,
    "mean": 2.53731669731754,
    "p50": 2.0735,
    "p95": 4.4617,
    "p99": 11.757,
    "p999": 31.7003
  },
  "fanoutLatencyMs": {
    "count": 15769,
    "min": 1.0936,
    "max": 67.6444,
    "mean": 2.552443718688576,
    "p50": 2.088,
    "p95": 4.4968,
    "p99": 11.7797,
    "p999": 31.4975
  }
}