{
  "scenario": "stress-throughput",
  "backend": "postgres",
  "startedAt": "2026-04-13T16:51:36.227Z",
  "durationSec": 30,
  "writers": 20,
  "sent": 43362,
  "received": 43362,
  "errors": 0,
  "msgsPerSec": 1445.4,
  "ackLatencyMs": {
    "count": 43362,
    "min": 8.1276,
    "max": 30.3511,
    "mean": 13.838275556939303,
    "p50": 13.6041,
    "p95": 17.3794,
    "p99": 20.2924,
    "p999": 26.9365
  },
  "fanoutLatencyMs": {
    "count": 43362,
    "min": 8.128,
    "max": 30.352,
    "mean": 13.838821703334707,
    "p50": 13.6045,
    "p95": 17.3799,
    "p99": 20.294,
    "p999": 26.9377
  },
  "notes": "20 writers firing as fast as possible"
}