{
  "scenario": "stress-throughput",
  "backend": "spacetime",
  "startedAt": "2026-04-10T22:00:55.594Z",
  "durationSec": 45,
  "writers": 20,
  "sent": 170101,
  "received": 170101,
  "errors": 0,
  "msgsPerSec": 3780.0222222222224,
  "ackLatencyMs": {
    "count": 170101,
    "min": 1.6479,
    "max": 1902.7164,
    "mean": 15.758280105937033,
    "p50": 14.0587,
    "p95": 21.0967,
    "p99": 45.305,
    "p999": 152.9633
  },
  "fanoutLatencyMs": {
    "count": 170101,
    "min": 1.7345,
    "max": 1902.914,
    "mean": 15.82031121568941,
    "p50": 14.1132,
    "p95": 21.1869,
    "p99": 45.3959,
    "p999": 152.7586
  }
}