{
  "scenario": "stress-throughput",
  "backend": "spacetime",
  "startedAt": "2026-04-13T15:15:43.246Z",
  "durationSec": 30,
  "writers": 20,
  "sent": 188703,
  "received": 188503,
  "errors": 0,
  "msgsPerSec": 6283.433333333333,
  "ackLatencyMs": {
    "count": 188503,
    "min": 1.5556,
    "max": 174.1229,
    "mean": 31.652092259540034,
    "p50": 28.9589,
    "p95": 54.6999,
    "p99": 88.8222,
    "p999": 112.6984
  },
  "fanoutLatencyMs": {
    "count": 0,
    "min": 0,
    "max": 0,
    "mean": 0,
    "p50": 0,
    "p95": 0,
    "p99": 0,
    "p999": 0
  }
}