{
  "scenario": "realistic-chat",
  "backend": "postgres",
  "startedAt": "2026-04-10T16:09:21.275Z",
  "durationSec": 180,
  "writers": 50,
  "sent": 942,
  "received": 942,
  "errors": 0,
  "msgsPerSec": 5.233333333333333,
  "ackLatencyMs": {
    "count": 0,
    "min": 0,
    "max": 0,
    "mean": 0,
    "p50": 0,
    "p95": 0,
    "p99": 0,
    "p999": 0
  },
  "fanoutLatencyMs": {
    "count": 942,
    "min": 5.2521,
    "max": 64.5768,
    "mean": 9.891381210191083,
    "p50": 7.0197,
    "p95": 42.9284,
    "p99": 59.3608,
    "p999": 64.5768
  },
  "notes": "50 users, jitter 5000-15000ms"
}