{
  "scenario": "stress-throughput",
  "backend": "postgres",
  "startedAt": "2026-04-11T01:59:37.116Z",
  "durationSec": 30,
  "writers": 20,
  "sent": 220,
  "received": 20,
  "errors": 0,
  "msgsPerSec": 0.6666666666666666,
  "ackLatencyMs": {
    "count": 20,
    "min": 18.6927,
    "max": 28.353,
    "mean": 22.761345000000002,
    "p50": 22.9975,
    "p95": 28.353,
    "p99": 28.353,
    "p999": 28.353
  },
  "fanoutLatencyMs": {
    "count": 20,
    "min": 18.2844,
    "max": 27.9544,
    "mean": 22.61209,
    "p50": 22.8498,
    "p95": 27.9544,
    "p99": 27.9544,
    "p999": 27.9544
  },
  "notes": "20 writers firing as fast as possible"
}