{
  "version": 1,
  "generated_at": "2026-01-27T18:16:45.763Z",
  "by_language": {
    "csharp": {
      "modes": {
        "docs": {
          "hash": "5b9b127244375715b32e5121c629717a31b6c95f04566f66bc0492f84ff6459b",
          "models": {
            "GPT-5": {
              "categories": {
                "basics": {
                  "tasks": 12,
                  "total_tests": 27,
                  "passed_tests": 24,
                  "pass_pct": 88.888885,
                  "task_pass_equiv": 11.0,
                  "task_pass_pct": 91.66667
                },
                "schema": {
                  "tasks": 10,
                  "total_tests": 34,
                  "passed_tests": 25,
                  "pass_pct": 73.52941,
                  "task_pass_equiv": 7.3666663,
                  "task_pass_pct": 73.666664
                }
              },
              "totals": {
                "tasks": 22,
                "total_tests": 61,
                "passed_tests": 49,
                "pass_pct": 80.327866,
                "task_pass_equiv": 18.366667,
                "task_pass_pct": 83.48485
              }
            }
          }
        }
      }
    },
    "rust": {
      "modes": {
        "docs": {
          "hash": "4a962a391761c2c914b169995c6f6bd46732a1c8f844b124cfc73086b79ee2b6",
          "models": {
            "GPT-5": {
              "categories": {
                "basics": {
                  "tasks": 12,
                  "total_tests": 27,
                  "passed_tests": 5,
                  "pass_pct": 18.518518,
                  "task_pass_equiv": 1.3333334,
                  "task_pass_pct": 11.111112
                },
                "schema": {
                  "tasks": 10,
                  "total_tests": 34,
                  "passed_tests": 8,
                  "pass_pct": 23.529411,
                  "task_pass_equiv": 2.05,
                  "task_pass_pct": 20.5
                }
              },
              "totals": {
                "tasks": 22,
                "total_tests": 61,
                "passed_tests": 13,
                "pass_pct": 21.311476,
                "task_pass_equiv": 3.3833334,
                "task_pass_pct": 15.378788
              }
            }
          }
        },
        "rustdoc_json": {
          "hash": "e6a5a5374022e3250e0df2cb5e4f7e4777081f474a0ebc4e99302be42151ef59",
          "models": {
            "GPT-5": {
              "categories": {
                "basics": {
                  "tasks": 12,
                  "total_tests": 27,
                  "passed_tests": 20,
                  "pass_pct": 74.07407,
                  "task_pass_equiv": 8.25,
                  "task_pass_pct": 68.75
                },
                "schema": {
                  "tasks": 10,
                  "total_tests": 34,
                  "passed_tests": 23,
                  "pass_pct": 67.64706,
                  "task_pass_equiv": 6.5333333,
                  "task_pass_pct": 65.33333
                }
              },
              "totals": {
                "tasks": 22,
                "total_tests": 61,
                "passed_tests": 43,
                "pass_pct": 70.491806,
                "task_pass_equiv": 14.783333,
                "task_pass_pct": 67.19697
              }
            }
          }
        }
      }
    }
  }
}