{
  "scenario": "stress-throughput",
  "backend": "spacetime",
  "startedAt": "2026-04-10T22:06:10.574Z",
  "durationSec": 45,
  "writers": 20,
  "sent": 164931,
  "received": 164931,
  "errors": 0,
  "msgsPerSec": 3665.133333333333,
  "ackLatencyMs": {
    "count": 164931,
    "min": 1.4824,
    "max": 1376.6184,
    "mean": 16.30698406000082,
    "p50": 15.5572,
    "p95": 22.9147,
    "p99": 32.708,
    "p999": 78.7532
  },
  "fanoutLatencyMs": {
    "count": 0,
    "min": 0,
    "max": 0,
    "mean": 0,
    "p50": 0,
    "p95": 0,
    "p99": 0,
    "p999": 0
  }
}