{
  "scenario": "stress-throughput",
  "backend": "postgres",
  "startedAt": "2026-04-10T22:31:39.210Z",
  "durationSec": 30,
  "writers": 20,
  "sent": 23800,
  "received": 23800,
  "errors": 0,
  "msgsPerSec": 793.3333333333334,
  "ackLatencyMs": {
    "count": 23800,
    "min": 199.1515,
    "max": 341.396,
    "mean": 252.23247600840256,
    "p50": 248.9538,
    "p95": 299.4982,
    "p99": 324.0185,
    "p999": 333.3978
  },
  "fanoutLatencyMs": {
    "count": 23800,
    "min": 199.0473,
    "max": 341.3601,
    "mean": 252.1338500126035,
    "p50": 248.8541,
    "p95": 299.4974,
    "p99": 323.846,
    "p999": 333.3046
  },
  "notes": "20 writers firing as fast as possible"
}