{
  "run_id": "tpcc-1774908671807",
  "driver_count": 1,
  "drivers": [
    "driver-137679"
  ],
  "generated_at_ms": 1774909101311,
  "total_transactions": 151,
  "tpmc_like": 138.0,
  "transaction_mix": {
    "delivery": 3.9735099337748343,
    "new_order": 45.6953642384106,
    "order_status": 4.635761589403973,
    "payment": 41.05960264900662,
    "stock_level": 4.635761589403973
  },
  "conformance": {
    "new_order_rollbacks": 0,
    "new_order_total": 69,
    "new_order_remote_order_lines": 0,
    "new_order_total_order_lines": 735,
    "payment_remote": 0,
    "payment_total": 62,
    "payment_by_last_name": 39,
    "order_status_by_last_name": 4,
    "order_status_total": 7,
    "delivery_queued": 6,
    "delivery_completed": 10,
    "delivery_processed_districts": 100,
    "delivery_skipped_districts": 0
  },
  "transactions": {
    "delivery": {
      "count": 6,
      "success": 6,
      "failure": 0,
      "mean_latency_ms": 8.166666666666666,
      "p50_latency_ms": 10,
      "p95_latency_ms": 10,
      "p99_latency_ms": 10,
      "max_latency_ms": 10,
      "histogram": {
        "buckets_ms": [
          1,
          2,
          5,
          10,
          20,
          50,
          100,
          200,
          500,
          1000,
          2000,
          5000,
          10000,
          20000,
          60000,
          120000
        ],
        "counts": [
          0,
          0,
          0,
          6,
          0,
          0,
          0,
          0,
          0,
          0,
          0,
          0,
          0,
          0,
          0,
          0,
          0
        ],
        "count": 6,
        "sum_ms": 49,
        "max_ms": 10
      }
    },
    "new_order": {
      "count": 69,
      "success": 69,
      "failure": 0,
      "mean_latency_ms": 9.91304347826087,
      "p50_latency_ms": 10,
      "p95_latency_ms": 20,
      "p99_latency_ms": 20,
      "max_latency_ms": 16,
      "histogram": {
        "buckets_ms": [
          1,
          2,
          5,
          10,
          20,
          50,
          100,
          200,
          500,
          1000,
          2000,
          5000,
          10000,
          20000,
          60000,
          120000
        ],
        "counts": [
          0,
          0,
          0,
          51,
          18,
          0,
          0,
          0,
          0,
          0,
          0,
          0,
          0,
          0,
          0,
          0,
          0
        ],
        "count": 69,
        "sum_ms": 684,
        "max_ms": 16
      }
    },
    "order_status": {
      "count": 7,
      "success": 7,
      "failure": 0,
      "mean_latency_ms": 1.1428571428571428,
      "p50_latency_ms": 1,
      "p95_latency_ms": 2,
      "p99_latency_ms": 2,
      "max_latency_ms": 2,
      "histogram": {
        "buckets_ms": [
          1,
          2,
          5,
          10,
          20,
          50,
          100,
          200,
          500,
          1000,
          2000,
          5000,
          10000,
          20000,
          60000,
          120000
        ],
        "counts": [
          6,
          1,
          0,
          0,
          0,
          0,
          0,
          0,
          0,
          0,
          0,
          0,
          0,
          0,
          0,
          0,
          0
        ],
        "count": 7,
        "sum_ms": 8,
        "max_ms": 2
      }
    },
    "payment": {
      "count": 62,
      "success": 62,
      "failure": 0,
      "mean_latency_ms": 8.661290322580646,
      "p50_latency_ms": 10,
      "p95_latency_ms": 10,
      "p99_latency_ms": 20,
      "max_latency_ms": 11,
      "histogram": {
        "buckets_ms": [
          1,
          2,
          5,
          10,
          20,
          50,
          100,
          200,
          500,
          1000,
          2000,
          5000,
          10000,
          20000,
          60000,
          120000
        ],
        "counts": [
          0,
          0,
          0,
          60,
          2,
          0,
          0,
          0,
          0,
          0,
          0,
          0,
          0,
          0,
          0,
          0,
          0
        ],
        "count": 62,
        "sum_ms": 537,
        "max_ms": 11
      }
    },
    "stock_level": {
      "count": 7,
      "success": 7,
      "failure": 0,
      "mean_latency_ms": 5.428571428571429,
      "p50_latency_ms": 10,
      "p95_latency_ms": 10,
      "p99_latency_ms": 10,
      "max_latency_ms": 6,
      "histogram": {
        "buckets_ms": [
          1,
          2,
          5,
          10,
          20,
          50,
          100,
          200,
          500,
          1000,
          2000,
          5000,
          10000,
          20000,
          60000,
          120000
        ],
        "counts": [
          0,
          0,
          3,
          4,
          0,
          0,
          0,
          0,
          0,
          0,
          0,
          0,
          0,
          0,
          0,
          0,
          0
        ],
        "count": 7,
        "sum_ms": 38,
        "max_ms": 6
      }
    }
  },
  "delivery": {
    "queued": 6,
    "completed": 10,
    "pending": 0,
    "processed_districts": 100,
    "skipped_districts": 0,
    "completion_mean_ms": 21.0,
    "completion_p50_ms": 50,
    "completion_p95_ms": 50,
    "completion_p99_ms": 50,
    "completion_max_ms": 23,
    "completion_histogram": {
      "buckets_ms": [
        1,
        2,
        5,
        10,
        20,
        50,
        100,
        200,
        500,
        1000,
        2000,
        5000,
        10000,
        20000,
        60000,
        120000
      ],
      "counts": [
        0,
        0,
        0,
        0,
        4,
        6,
        0,
        0,
        0,
        0,
        0,
        0,
        0,
        0,
        0,
        0,
        0
      ],
      "count": 10,
      "sum_ms": 210,
      "max_ms": 23
    }
  }
}