{
  "scenario": "stress-throughput",
  "backend": "postgres",
  "startedAt": "2026-04-13T15:44:05.594Z",
  "durationSec": 30,
  "writers": 20,
  "sent": 96192,
  "received": 96192,
  "errors": 0,
  "msgsPerSec": 3206.4,
  "ackLatencyMs": {
    "count": 96192,
    "min": 2.3306,
    "max": 26.9295,
    "mean": 6.23669766404695,
    "p50": 6.0059,
    "p95": 8.5338,
    "p99": 10.7274,
    "p999": 18.83
  },
  "fanoutLatencyMs": {
    "count": 96192,
    "min": 2.3309,
    "max": 26.9296,
    "mean": 6.237037600839986,
    "p50": 6.0062,
    "p95": 8.5345,
    "p99": 10.7286,
    "p999": 18.8305
  },
  "notes": "20 writers firing as fast as possible"
}